site	index
1	1.0
2	0.8828125
3	1.0
4	1.0
5	1.0
6	1.0
7	1.0
8	0.4453125
9	1.0
10	0.3046875
11	1.0
12	0.53125
13	0.7734375
14	0.4453125
15	1.0
16	0.7734375
17	0.625
18	1.0
19	0.625
20	0.8828125
21	0.8828125
22	0.7734375
23	0.7734375
24	1.0
25	0.8828125
26	0.3359375
27	0.8828125
28	1.0
29	0.5859375
30	0.3984375
31	1.0
32	1.0
33	1.0
34	0.5859375
35	0.4609375
36	0.625
37	0.4453125
38	1.0
39	1.0
40	0.625
41	1.0
42	1.0
43	0.4453125
44	1.0
45	1.0
46	1.0
47	0.6953125
48	0.8828125
49	0.3515625
50	0.46875
51	1.0
52	1.0
53	1.0
54	0.4609375
55	0.625
56	1.0
57	0.78125
58	1.0
59	1.0
60	0.78125
61	1.0
62	1.0
63	0.5234375
64	0.8828125
65	0.8828125
66	0.8828125
67	1.0
68	1.0
69	0.8828125
70	1.0
71	0.2421875
72	1.0
73	0.515625
74	1.0
75	0.5703125
76	1.0
77	1.0
78	0.8828125
79	0.8828125
80	1.0
81	1.0
82	0.4609375
83	0.4453125
84	1.0
85	0.6796875
86	0.5
87	0.8828125
88	1.0
89	1.0
90	1.0
91	0.8828125
92	1.0
93	1.0
94	1.0
95	0.8828125
96	1.0
97	1.0
98	0.4921875
99	0.6796875
100	0.8828125
101	0.5390625
102	0.6015625
103	0.3515625
104	1.0
105	1.0
106	1.0
107	0.5
108	0.8828125
109	0.8828125
110	0.5390625
111	0.4609375
112	0.3515625
113	1.0
114	1.0
115	0.46875
116	1.0
117	1.0
118	0.5078125
119	1.0
120	1.0
121	0.78125
122	1.0
123	0.4453125
124	0.5390625
125	1.0
126	1.0
127	0.4453125
128	0.5078125
129	1.0
130	0.5
131	0.5
132	0.8828125
133	0.7734375
134	1.0
135	0.6953125
136	1.0
137	1.0
138	0.6953125
139	0.5078125
140	0.78125
141	1.0
142	0.8828125
143	1.0
144	1.0
145	0.78125
146	0.6796875
147	0.8828125
148	1.0
149	1.0
150	1.0
151	0.4453125
152	1.0
153	1.0
154	1.0
155	1.0
156	1.0
157	0.5078125
158	1.0
159	1.0
160	1.0
161	0.8828125
162	1.0
163	1.0
164	1.0
165	0.5703125
166	1.0
167	1.0
168	1.0
169	0.3046875
170	0.5078125
171	1.0
172	1.0
173	1.0
174	0.78125
175	0.6796875
176	0.421875
177	1.0
178	1.0
179	1.0
180	0.4921875
181	0.3671875
182	1.0
183	0.625
184	0.8828125
185	1.0
186	1.0
187	0.8828125
188	1.0
189	0.8828125
190	1.0
191	0.7734375
192	1.0
193	0.8828125
194	0.6796875
195	0.5703125
196	0.7734375
197	0.4921875
198	0.78125
199	0.78125
200	0.8828125
201	1.0
202	0.625
203	1.0
204	0.53125
205	1.0
206	0.4140625
207	0.78125
208	0.625
209	1.0
210	0.6953125
211	0.625
212	0.375
213	0.8828125
214	0.6953125
215	0.625
216	1.0
217	1.0
218	1.0
219	1.0
220	0.5390625
221	1.0
222	1.0
223	1.0
224	0.78125
225	0.46875
226	0.5078125
227	0.8828125
228	0.78125
229	1.0
230	0.8828125
231	1.0
232	1.0
233	1.0
234	1.0
235	1.0
236	1.0
237	1.0
238	1.0
239	1.0
240	1.0
241	0.625
242	1.0
243	1.0
244	1.0
